1,100,B,A,10006470,Tucker-Terrance [NCBG],Tucker-Daryl [NCBG]
2,100,A,A,10192382,Mitchell-Kay [COSL],Mitchell-Travis [COSL]
3,100,O,A,30003286,Webb-Vincent [MISJ],Webb-Margie [MISJ]
4,93,O,O,30003443,Jimenez-Wanda [DCWH],Jimenez-Lorraine [DCWH]
5,99,B,B,30003875,Wagner-Timothy [CAGH],Wagner-Lorraine [CAGH]
6,92,O,A,30004543,Chambers-Chester [CAGH],Chambers-Ruby [CAGH]
7,92,A,AB,30004961,Little-Ann [PAAE],Little-Dana [PAAE]
8,92,A,B,30004961,Little-Ann [PAAE],Little-James [PAAE]
9,100,O,O,30004981,Mills-Bonnie [PAAE],Mills-Eileen [PAAE]
10,100,O,O,30005172,Ferguson-Patricia [MIUM],Ferguson-Kevin [MIUM]
11,96,O,A,30006587,Welch-Joann [OHOU],Welch-Edwin [OHOU]
12,40,B,AB,30008604,Parker-Claudia [PAAE],Parker-Alex [PAAE]
13,100,A,A,30010700,Olson-Cindy [GAPH],Olson-Vickie [GAPH]
14,100,A,A,30013074,McDonald-Bertha [MISM],McDonald-Sally [MISM]
15,98,O,B,30013564,Dixon-Daniel [APDUS],Dixon-Sylvia [APDUS]
16,29,O,AB,30013935,Hunt-Jared [CAGH],Hunt-Carmen [CAGH]
17,22,O,A,30014097,Woods-Zachary [TXHI],Woods-Mattie [TXHI]
18,100,B,A,30014254,Lambert-Johnnie [NCBG],Lambert-Sam [NCBG]
19,100,AB,B,30014336,Rodriquez-Ella [GAPH],Rodriquez-Joann [GAPH]
20,0,O,A,30014715,Bates-Angel [CAGH],Bates-Gregory [CAGH]
21,0,O,A,30014715,Bates-Angel [CAGH],Bates-Virginia [CAGH]
22,100,O,A,30014787,Garcia-Robin [NYMS],Garcia-Luis [NYMS]
23,84,O,AB,30014819,Henderson-Tara [GAPH],Henderson-Barbara [GAPH]
24,0,O,A,30015090,Garza-Rosa [NYMS],Garza-Virginia [NYMS]
25,0,B,AB,30015116,Harvey-Gregory [CAGH],Harvey-Nicholas [CAGH]
26,100,A,O,30015172,May-Kent [WISE],May-Thomas [WISE]
27,100,A,A,30015270,Tucker-Jackie [NJSB],Tucker-Linda [NJSB]
28,100,A,A,30015286,Webb-Victor [NYMS],Webb-Maria [NYMS]
29,100,O,O,30015506,Payne-Michael [KYUK],Payne-Violet [KYUK]
30,100,AB,B,30015595,Wilson-Willard [MISM],Wilson-Felix [MISM]
31,56,B,O,30015667,Dunn-Nina [MIUM],Dunn-Tanya [MIUM]
32,80,O,A,30015700,Graves-Sharon [WAVM],Graves-Alice [WAVM]
33,100,AB,AB,30015875,Wagner-Janice [MNUM],Wagner-Lorraine [MNUM]
34,100,AB,O,30015875,Wagner-Janice [MNUM],Wagner-Jessica [MNUM]
35,99,O,O,30015883,Watson-Tyler [INNSZ],Watson-Marcia [INNSZ]
36,100,B,A,30016013,Harris-Glenn [GAPH],Harris-Arlene [GAPH]
37,0,O,A,30016055,Lane-Johnny [GAPH],Lane-Connie [GAPH]
38,0,O,A,30016137,Rogers-Rick [NYMS],Rogers-Joy [NYMS]
39,100,B,O,30016181,Washington-Jenny [SCMU],Washington-Mabel [SCMU]
40,100,O,O,30016196,Wood-Julie [TXBC],Wood-Fernando [TXBC]
41,100,A,A,30016239,Carroll-Marsha [DCGW],Carroll-Robin [DCGW]
42,85,O,O,30016192,Williams-Daryl [INNSZ],Williams-Teresa [INNSZ]
43,99,A,B,30016113,Peterson-Dean [INNSZ],Peterson-Thelma [INNSZ]
44,99,A,O,30016113,Peterson-Dean [INNSZ],Peterson-Leona [INNSZ]
45,100,O,O,30016294,Gomez-Everett [INNSZ],Gomez-Marion [INNSZ]
46,90,A,O,30016298,Graham-Francisco [INNSZ],Graham-Erika [INNSZ]
47,50,O,A,30016334,Hughes-Jamie [TXTX],Hughes-Carla [TXTX]
48,84,O,O,30016414,Phillips-Darlene [OHCO],Phillips-Hilda [OHCO]
49,99,O,A,30016417,Powell-Nicholas [OHCO],Powell-Irene [OHCO]
50,96,O,O,30016449,Shelton-Roy [KYJH],Shelton-Francisco [KYJH]
51,0,O,A,30016511,Banks-Alvin [NYMS],Banks-Nancy [NYMS]
52,100,O,O,30016522,Bowman-Ben [MIHF],Bowman-Patsy [MIHF]
53,100,O,A,30016522,Bowman-Ben [MIHF],Bowman-Dorothy [MIHF]
54,99,O,O,30016587,Garcia-Rosemary [UTMC],Garcia-Lewis [UTMC]
55,99,O,O,30016611,Hanson-Gilbert [INNSZ],Hanson-Anna [INNSZ]
56,100,B,B,30016620,Henry-Harvey [PATJ],Henry-Paul [PATJ]
57,100,A,A,30016644,Johnson-Wendy [PAGM],Johnson-Charlene [PAGM]
58,97,A,O,30016687,Morgan-Carol [APDUS],Morgan-Elsie [APDUS]
59,97,A,O,30016687,Morgan-Carol [APDUS],Morgan-Marilyn [APDUS]
60,0,O,AB,30016702,Owens-Claire [CAGH],Owens-Geraldine [CAGH]
61,76,O,O,30016731,Rivera-Edna [CAGH],Rivera-Jessica [CAGH]
62,85,B,B,30016785,Weaver-Wade [KYJH],Weaver-Margie [KYJH]
63,73,A,A,30016791,White-Willard [PAGM],White-Mary [PAGM]
64,100,B,B,30016810,Baker-Allen [MIUM],Baker-Myrtle [MIUM]
65,5,O,A,30016827,Brown-Bob [WISE],Brown-Penny [WISE]
66,0,O,A,30016911,Hanson-Gilbert [TNVU],Hanson-Anna [TNVU]
67,3,O,B,30016960,Lewis-Jose [TXTX],Lewis-Daisy [TXTX]
68,90,O,O,30016965,Lucas-Annie [GAPH],Lucas-Deanna [GAPH]
69,48,O,A,30017006,Payne-Michael [TXTX],Payne-Glenda [TXTX]
70,4,O,A,30017057,Spencer-Scott [DCWR],Spencer-Corey [DCWR]
71,100,O,O,30017061,Stewart-Shane [DCWR],Stewart-Laura [DCWR]
72,90,O,A,30017116,Beck-Lena [UTMC],Beck-Kelly [UTMC]
73,7,O,A,30017174,Fields-Derek [MIUM],Fields-Tiffany [MIUM]
74,7,O,A,30017174,Fields-Derek [MIUM],Fields-Tina [MIUM]
75,0,AB,A,30017193,PROXY paired with donor Erik Gilbert,Gilbert-Erik [DCWR]
76,100,A,O,30017266,Lynch-Justin [MNUM],Lynch-Debbie [MNUM]
77,2,O,A,30017309,Perez-Milton [MIUM],Perez-Hazel [MIUM]
78,71,A,A,30017421,Black-Barry [MIUM],Black-Henry [MIUM]
79,99,B,O,30017429,Burke-Lucy [INNSZ],Burke-Jack [INNSZ]
80,89,O,A,30017432,Butler-Brent [INNSZ],Butler-Shelly [INNSZ]
81,89,O,A,30017432,Butler-Brent [INNSZ],Butler-Johnnie [INNSZ]
82,89,O,A,30017432,Butler-Brent [INNSZ],Butler-Leslie [INNSZ]
83,100,O,O,30017483,Franklin-Shannon [WISE],Franklin-Velma [WISE]
84,0,O,A,30017583,Montgomery-Leonard [UTMC],Montgomery-Eleanor [UTMC]
85,55,A,A,30017753,Craig-Michele [OHCO],Craig-John [OHCO]
86,8,O,A,30017758,Daniels-Corey [TXTX],Daniels-Jorge [TXTX]
87,90,O,A,30017786,Fuller-Eduardo [APDUS],Fuller-Byron [APDUS]
88,9,O,AB,30017793,Gilbert-Ernest [MIUM],Gilbert-Wendy [MIUM]
89,100,B,A,30017845,Johnston-Wilma [TNVU],Johnston-Roland [TNVU]
90,0,O,A,30017851,Kim-Joel [NCBG],Kim-Cindy [NCBG]
91,100,AB,B,30017954,Smith-Gertrude [MIUM],Smith-Clinton [MIUM]
92,40,A,O,30017999,Young-Aaron [TXTX],Young-Megan [TXTX]
93,1,O,B,30018026,Brooks-Billy [MIUM],Brooks-Peggy [MIUM]
94,0,O,A,30018064,Dixon-Daryl [OHCO],Dixon-Suzanne [OHCO]
95,47,O,A,30018117,Hawkins-Guy [MIUM],Hawkins-Ashley [MIUM]
96,1,O,B,30018231,Rivera-Edna [ILSF],Rivera-Jessica [ILSF]
97,77,O,O,30018224,Reyes-Ella [KYJH],Reyes-Janet [KYJH]
98,100,O,A,30018271,Turner-Terry [TNVU],Turner-Loretta [TNVU]
99,91,A,AB,30018299,Young-Katherine [TXSW],Young-Francisco [TXSW]
100,13,O,O,30018323,Boyd-Benjamin [MIUM],Boyd-Paula [MIUM]
101,1,O,A,30018326,Brooks-Billy [MIUM],Brooks-Peggy [MIUM]
102,0,O,A,30018332,Butler-Brent [TXTX],Butler-Rebecca [TXTX]
103,99,O,O,30018357,Curtis-Minnie [LAOF],Curtis-Jordan [LAOF]
104,8,O,A,30018360,Davis-Craig [LAOF],Davis-Stephanie [LAOF]
105,0,O,A,30018363,Diaz-Dan [LAOF],Diaz-Julian [LAOF]
106,96,A,O,30018376,Fleming-Pearl [MIUM],Fleming-Toni [MIUM]
107,98,A,A,30018397,Gordon-Sandra [OHCO],Gordon-Marshall [OHCO]
108,24,O,B,30018410,Hansen-Gerald [MIUM],Hansen-Mitchell [MIUM]
109,0,B,A,30018458,Lawson-Jorge [KYJH],Lawson-Courtney [KYJH]
110,0,O,AB,30018510,Perkins-Mitchell [KYJH],Perkins-Gwendolyn [KYJH]
111,0,O,B,30018502,Owens-Peter [FLFH],Owens-Georgia [FLFH]
112,0,B,A,30018546,Schmidt-Eva [MIHF],Schmidt-June [MIHF]
113,100,O,A,30018549,Shelton-Ross [UTMC],Shelton-Kathleen [UTMC]
114,31,O,O,30018561,Stewart-Hazel [MIUM],Stewart-Laura [MIUM]
115,93,B,B,30018652,Cox-Clyde [KYJH],Cox-Sheila [KYJH]
116,62,A,O,30018660,Davis-Craig [MIUM],Davis-Sue [MIUM]
117,48,A,A,30018698,Graham-Sarah [TNVU],Graham-Yvonne [TNVU]
118,0,AB,O,30018736,PROXY paired with donor Rene Hunter,Hunter-Rene [OHCO]
